datetime,user,userHost,userAgent,kind,url,lineNumber,message,stackTrace
2014-02-14 07:47:48,,::1,Mozilla/5.0 (Windows NT 6.1; WOW64; Trident/7.0; rv:11.0) like Gecko,angular.$exceptionHandler,http://localhost:50226/lists/,,'getToggleListDetailFunc' は定義されていません。,"ReferenceError: 'getToggleListDetailFunc' は定義されていません。
   at PageController (http://localhost:50226/lists/:580:9)
   at PageControllerWrapper (http://localhost:50226/lists/:557:17)
   at invoke (http://localhost:50226/Scripts/angular.js:3710:7)
   at instantiate (http://localhost:50226/Scripts/angular.js:3721:7)
   at Anonymous function (http://localhost:50226/Scripts/angular.js:6780:7)
   at Anonymous function (http://localhost:50226/Scripts/angular.js:6189:13)
   at forEach (http://localhost:50226/Scripts/angular.js:310:11)
   at nodeLinkFn (http://localhost:50226/Scripts/angular.js:6176:11)
   at compositeLinkFn (http://localhost:50226/Scripts/angular.js:5640:15)
   at publicLinkFn (http://localhost:50226/Scripts/angular.js:5545:30)"
2014-02-14 07:47:50,,::1,Mozilla/5.0 (Windows NT 6.1; WOW64; Trident/7.0; rv:11.0) like Gecko,angular.$exceptionHandler,http://localhost:50226/lists,,'getToggleListDetailFunc' は定義されていません。,"ReferenceError: 'getToggleListDetailFunc' は定義されていません。
   at PageController (http://localhost:50226/lists:580:9)
   at PageControllerWrapper (http://localhost:50226/lists:557:17)
   at invoke (http://localhost:50226/Scripts/angular.js:3710:7)
   at instantiate (http://localhost:50226/Scripts/angular.js:3721:7)
   at Anonymous function (http://localhost:50226/Scripts/angular.js:6780:7)
   at Anonymous function (http://localhost:50226/Scripts/angular.js:6189:13)
   at forEach (http://localhost:50226/Scripts/angular.js:310:11)
   at nodeLinkFn (http://localhost:50226/Scripts/angular.js:6176:11)
   at compositeLinkFn (http://localhost:50226/Scripts/angular.js:5640:15)
   at publicLinkFn (http://localhost:50226/Scripts/angular.js:5545:30)"
2014-02-14 07:48:00,,::1,Mozilla/5.0 (Windows NT 6.1; WOW64; Trident/7.0; rv:11.0) like Gecko,angular.$exceptionHandler,http://localhost:50226/lists,,'getToggleListDetailFunc' は定義されていません。,"ReferenceError: 'getToggleListDetailFunc' は定義されていません。
   at PageController (http://localhost:50226/lists:580:9)
   at PageControllerWrapper (http://localhost:50226/lists:557:17)
   at invoke (http://localhost:50226/Scripts/angular.js:3710:7)
   at instantiate (http://localhost:50226/Scripts/angular.js:3721:7)
   at Anonymous function (http://localhost:50226/Scripts/angular.js:6780:7)
   at Anonymous function (http://localhost:50226/Scripts/angular.js:6189:13)
   at forEach (http://localhost:50226/Scripts/angular.js:310:11)
   at nodeLinkFn (http://localhost:50226/Scripts/angular.js:6176:11)
   at compositeLinkFn (http://localhost:50226/Scripts/angular.js:5640:15)
   at publicLinkFn (http://localhost:50226/Scripts/angular.js:5545:30)"
2014-02-14 08:12:15,,::1,Mozilla/5.0 (Windows NT 6.1; WOW64; Trident/7.0; rv:11.0) like Gecko,angular.$exceptionHandler,http://localhost:50226/,,"[$parse:lexerr] Lexer Error: Unterminated quote at columns 9-11 [')] in expression [_goto(''/')].
http://errors.angularjs.org/1.2.12/$parse/lexerr?p0=Unterminated%20quote&p1=s%209-11%20%5B')%5D&p2=_goto(''%2F')","Error: [$parse:lexerr] Lexer Error: Unterminated quote at columns 9-11 [')] in expression [_goto(''/')].
http://errors.angularjs.org/1.2.12/$parse/lexerr?p0=Unterminated%20quote&p1=s%209-11%20%5B')%5D&p2=_goto(''%2F')
   at throwError (http://localhost:50226/Scripts/angular.js:9672:5)
   at readString (http://localhost:50226/Scripts/angular.js:9827:5)
   at lex (http://localhost:50226/Scripts/angular.js:9583:9)
   at parse (http://localhost:50226/Scripts/angular.js:9852:5)
   at Anonymous function (http://localhost:50226/Scripts/angular.js:10695:11)
   at compile (http://localhost:50226/Scripts/angular.js:17999:11)
   at applyDirectivesToNode (http://localhost:50226/Scripts/angular.js:5996:13)
   at compileNodes (http://localhost:50226/Scripts/angular.js:5586:9)
   at compileNodes (http://localhost:50226/Scripts/angular.js:5595:9)
   at compileNodes (http://localhost:50226/Scripts/angular.js:5595:9)"
2014-02-14 08:12:22,,::1,Mozilla/5.0 (Windows NT 6.1; WOW64; Trident/7.0; rv:11.0) like Gecko,angular.$exceptionHandler,http://localhost:50226/lists/,,"[$parse:lexerr] Lexer Error: Unterminated quote at columns 9-11 [')] in expression [_goto(''/')].
http://errors.angularjs.org/1.2.12/$parse/lexerr?p0=Unterminated%20quote&p1=s%209-11%20%5B')%5D&p2=_goto(''%2F')","Error: [$parse:lexerr] Lexer Error: Unterminated quote at columns 9-11 [')] in expression [_goto(''/')].
http://errors.angularjs.org/1.2.12/$parse/lexerr?p0=Unterminated%20quote&p1=s%209-11%20%5B')%5D&p2=_goto(''%2F')
   at throwError (http://localhost:50226/Scripts/angular.js:9672:5)
   at readString (http://localhost:50226/Scripts/angular.js:9827:5)
   at lex (http://localhost:50226/Scripts/angular.js:9583:9)
   at parse (http://localhost:50226/Scripts/angular.js:9852:5)
   at Anonymous function (http://localhost:50226/Scripts/angular.js:10695:11)
   at compile (http://localhost:50226/Scripts/angular.js:17999:11)
   at applyDirectivesToNode (http://localhost:50226/Scripts/angular.js:5996:13)
   at compileNodes (http://localhost:50226/Scripts/angular.js:5586:9)
   at compileNodes (http://localhost:50226/Scripts/angular.js:5595:9)
   at compileNodes (http://localhost:50226/Scripts/angular.js:5595:9)"
2014-02-14 08:12:25,,::1,Mozilla/5.0 (Windows NT 6.1; WOW64; Trident/7.0; rv:11.0) like Gecko,angular.$exceptionHandler,http://localhost:50226/lists/,,"[$parse:lexerr] Lexer Error: Unterminated quote at columns 9-11 [')] in expression [_goto(''/')].
http://errors.angularjs.org/1.2.12/$parse/lexerr?p0=Unterminated%20quote&p1=s%209-11%20%5B')%5D&p2=_goto(''%2F')","Error: [$parse:lexerr] Lexer Error: Unterminated quote at columns 9-11 [')] in expression [_goto(''/')].
http://errors.angularjs.org/1.2.12/$parse/lexerr?p0=Unterminated%20quote&p1=s%209-11%20%5B')%5D&p2=_goto(''%2F')
   at throwError (http://localhost:50226/Scripts/angular.js:9672:5)
   at readString (http://localhost:50226/Scripts/angular.js:9827:5)
   at lex (http://localhost:50226/Scripts/angular.js:9583:9)
   at parse (http://localhost:50226/Scripts/angular.js:9852:5)
   at Anonymous function (http://localhost:50226/Scripts/angular.js:10695:11)
   at compile (http://localhost:50226/Scripts/angular.js:17999:11)
   at applyDirectivesToNode (http://localhost:50226/Scripts/angular.js:5996:13)
   at compileNodes (http://localhost:50226/Scripts/angular.js:5586:9)
   at compileNodes (http://localhost:50226/Scripts/angular.js:5595:9)
   at compileNodes (http://localhost:50226/Scripts/angular.js:5595:9)"
2014-02-14 08:12:31,,::1,Mozilla/5.0 (Windows NT 6.1; WOW64; Trident/7.0; rv:11.0) like Gecko,angular.$exceptionHandler,http://localhost:50226/lists/,,"[$parse:lexerr] Lexer Error: Unterminated quote at columns 9-11 [')] in expression [_goto(''/')].
http://errors.angularjs.org/1.2.12/$parse/lexerr?p0=Unterminated%20quote&p1=s%209-11%20%5B')%5D&p2=_goto(''%2F')","Error: [$parse:lexerr] Lexer Error: Unterminated quote at columns 9-11 [')] in expression [_goto(''/')].
http://errors.angularjs.org/1.2.12/$parse/lexerr?p0=Unterminated%20quote&p1=s%209-11%20%5B')%5D&p2=_goto(''%2F')
   at throwError (http://localhost:50226/Scripts/angular.js:9672:5)
   at readString (http://localhost:50226/Scripts/angular.js:9827:5)
   at lex (http://localhost:50226/Scripts/angular.js:9583:9)
   at parse (http://localhost:50226/Scripts/angular.js:9852:5)
   at Anonymous function (http://localhost:50226/Scripts/angular.js:10695:11)
   at compile (http://localhost:50226/Scripts/angular.js:17999:11)
   at applyDirectivesToNode (http://localhost:50226/Scripts/angular.js:5996:13)
   at compileNodes (http://localhost:50226/Scripts/angular.js:5586:9)
   at compileNodes (http://localhost:50226/Scripts/angular.js:5595:9)
   at compileNodes (http://localhost:50226/Scripts/angular.js:5595:9)"
2014-02-14 08:12:36,,::1,Mozilla/5.0 (Windows NT 6.1; WOW64; Trident/7.0; rv:11.0) like Gecko,angular.$exceptionHandler,http://localhost:50226/tags,,"[$parse:lexerr] Lexer Error: Unterminated quote at columns 9-11 [')] in expression [_goto(''/')].
http://errors.angularjs.org/1.2.12/$parse/lexerr?p0=Unterminated%20quote&p1=s%209-11%20%5B')%5D&p2=_goto(''%2F')","Error: [$parse:lexerr] Lexer Error: Unterminated quote at columns 9-11 [')] in expression [_goto(''/')].
http://errors.angularjs.org/1.2.12/$parse/lexerr?p0=Unterminated%20quote&p1=s%209-11%20%5B')%5D&p2=_goto(''%2F')
   at throwError (http://localhost:50226/Scripts/angular.js:9672:5)
   at readString (http://localhost:50226/Scripts/angular.js:9827:5)
   at lex (http://localhost:50226/Scripts/angular.js:9583:9)
   at parse (http://localhost:50226/Scripts/angular.js:9852:5)
   at Anonymous function (http://localhost:50226/Scripts/angular.js:10695:11)
   at compile (http://localhost:50226/Scripts/angular.js:17999:11)
   at applyDirectivesToNode (http://localhost:50226/Scripts/angular.js:5996:13)
   at compileNodes (http://localhost:50226/Scripts/angular.js:5586:9)
   at compileNodes (http://localhost:50226/Scripts/angular.js:5595:9)
   at compileNodes (http://localhost:50226/Scripts/angular.js:5595:9)"
2014-02-14 08:12:48,,::1,Mozilla/5.0 (Windows NT 6.1; WOW64; Trident/7.0; rv:11.0) like Gecko,angular.$exceptionHandler,http://localhost:50226/tags,,"[$parse:lexerr] Lexer Error: Unterminated quote at columns 9-11 [')] in expression [_goto(''/')].
http://errors.angularjs.org/1.2.12/$parse/lexerr?p0=Unterminated%20quote&p1=s%209-11%20%5B')%5D&p2=_goto(''%2F')","Error: [$parse:lexerr] Lexer Error: Unterminated quote at columns 9-11 [')] in expression [_goto(''/')].
http://errors.angularjs.org/1.2.12/$parse/lexerr?p0=Unterminated%20quote&p1=s%209-11%20%5B')%5D&p2=_goto(''%2F')
   at throwError (http://localhost:50226/Scripts/angular.js:9672:5)
   at readString (http://localhost:50226/Scripts/angular.js:9827:5)
   at lex (http://localhost:50226/Scripts/angular.js:9583:9)
   at parse (http://localhost:50226/Scripts/angular.js:9852:5)
   at Anonymous function (http://localhost:50226/Scripts/angular.js:10695:11)
   at compile (http://localhost:50226/Scripts/angular.js:17999:11)
   at applyDirectivesToNode (http://localhost:50226/Scripts/angular.js:5996:13)
   at compileNodes (http://localhost:50226/Scripts/angular.js:5586:9)
   at compileNodes (http://localhost:50226/Scripts/angular.js:5595:9)
   at compileNodes (http://localhost:50226/Scripts/angular.js:5595:9)"
2014-02-14 08:12:52,,::1,Mozilla/5.0 (Windows NT 6.1; WOW64; Trident/7.0; rv:11.0) like Gecko,angular.$exceptionHandler,http://localhost:50226/tags,,"[$parse:lexerr] Lexer Error: Unterminated quote at columns 9-11 [')] in expression [_goto(''/')].
http://errors.angularjs.org/1.2.12/$parse/lexerr?p0=Unterminated%20quote&p1=s%209-11%20%5B')%5D&p2=_goto(''%2F')","Error: [$parse:lexerr] Lexer Error: Unterminated quote at columns 9-11 [')] in expression [_goto(''/')].
http://errors.angularjs.org/1.2.12/$parse/lexerr?p0=Unterminated%20quote&p1=s%209-11%20%5B')%5D&p2=_goto(''%2F')
   at throwError (http://localhost:50226/Scripts/angular.js:9672:5)
   at readString (http://localhost:50226/Scripts/angular.js:9827:5)
   at lex (http://localhost:50226/Scripts/angular.js:9583:9)
   at parse (http://localhost:50226/Scripts/angular.js:9852:5)
   at Anonymous function (http://localhost:50226/Scripts/angular.js:10695:11)
   at compile (http://localhost:50226/Scripts/angular.js:17999:11)
   at applyDirectivesToNode (http://localhost:50226/Scripts/angular.js:5996:13)
   at compileNodes (http://localhost:50226/Scripts/angular.js:5586:9)
   at compileNodes (http://localhost:50226/Scripts/angular.js:5595:9)
   at compileNodes (http://localhost:50226/Scripts/angular.js:5595:9)"
2014-02-14 08:13:21,,::1,Mozilla/5.0 (Windows NT 6.1; WOW64; Trident/7.0; rv:11.0) like Gecko,angular.$exceptionHandler,http://localhost:50226/tags,,"[$parse:lexerr] Lexer Error: Unterminated quote at columns 9-11 [')] in expression [_goto(''/')].
http://errors.angularjs.org/1.2.12/$parse/lexerr?p0=Unterminated%20quote&p1=s%209-11%20%5B')%5D&p2=_goto(''%2F')","Error: [$parse:lexerr] Lexer Error: Unterminated quote at columns 9-11 [')] in expression [_goto(''/')].
http://errors.angularjs.org/1.2.12/$parse/lexerr?p0=Unterminated%20quote&p1=s%209-11%20%5B')%5D&p2=_goto(''%2F')
   at throwError (http://localhost:50226/Scripts/angular.js:9672:5)
   at readString (http://localhost:50226/Scripts/angular.js:9827:5)
   at lex (http://localhost:50226/Scripts/angular.js:9583:9)
   at parse (http://localhost:50226/Scripts/angular.js:9852:5)
   at Anonymous function (http://localhost:50226/Scripts/angular.js:10695:11)
   at compile (http://localhost:50226/Scripts/angular.js:17999:11)
   at applyDirectivesToNode (http://localhost:50226/Scripts/angular.js:5996:13)
   at compileNodes (http://localhost:50226/Scripts/angular.js:5586:9)
   at compileNodes (http://localhost:50226/Scripts/angular.js:5595:9)
   at compileNodes (http://localhost:50226/Scripts/angular.js:5595:9)"
2014-02-14 08:13:29,,::1,Mozilla/5.0 (Windows NT 6.1; WOW64; Trident/7.0; rv:11.0) like Gecko,angular.$exceptionHandler,http://localhost:50226/tags,,"[$parse:lexerr] Lexer Error: Unterminated quote at columns 9-11 [')] in expression [_goto(''/')].
http://errors.angularjs.org/1.2.12/$parse/lexerr?p0=Unterminated%20quote&p1=s%209-11%20%5B')%5D&p2=_goto(''%2F')","Error: [$parse:lexerr] Lexer Error: Unterminated quote at columns 9-11 [')] in expression [_goto(''/')].
http://errors.angularjs.org/1.2.12/$parse/lexerr?p0=Unterminated%20quote&p1=s%209-11%20%5B')%5D&p2=_goto(''%2F')
   at throwError (http://localhost:50226/Scripts/angular.js:9672:5)
   at readString (http://localhost:50226/Scripts/angular.js:9827:5)
   at lex (http://localhost:50226/Scripts/angular.js:9583:9)
   at parse (http://localhost:50226/Scripts/angular.js:9852:5)
   at Anonymous function (http://localhost:50226/Scripts/angular.js:10695:11)
   at compile (http://localhost:50226/Scripts/angular.js:17999:11)
   at applyDirectivesToNode (http://localhost:50226/Scripts/angular.js:5996:13)
   at compileNodes (http://localhost:50226/Scripts/angular.js:5586:9)
   at compileNodes (http://localhost:50226/Scripts/angular.js:5595:9)
   at compileNodes (http://localhost:50226/Scripts/angular.js:5595:9)"
2014-02-14 08:13:37,,::1,Mozilla/5.0 (Windows NT 6.1; WOW64; Trident/7.0; rv:11.0) like Gecko,angular.$exceptionHandler,http://localhost:50226/tags,,"[$parse:lexerr] Lexer Error: Unterminated quote at columns 9-11 [')] in expression [_goto(''/')].
http://errors.angularjs.org/1.2.12/$parse/lexerr?p0=Unterminated%20quote&p1=s%209-11%20%5B')%5D&p2=_goto(''%2F')","Error: [$parse:lexerr] Lexer Error: Unterminated quote at columns 9-11 [')] in expression [_goto(''/')].
http://errors.angularjs.org/1.2.12/$parse/lexerr?p0=Unterminated%20quote&p1=s%209-11%20%5B')%5D&p2=_goto(''%2F')
   at throwError (http://localhost:50226/Scripts/angular.js:9672:5)
   at readString (http://localhost:50226/Scripts/angular.js:9827:5)
   at lex (http://localhost:50226/Scripts/angular.js:9583:9)
   at parse (http://localhost:50226/Scripts/angular.js:9852:5)
   at Anonymous function (http://localhost:50226/Scripts/angular.js:10695:11)
   at compile (http://localhost:50226/Scripts/angular.js:17999:11)
   at applyDirectivesToNode (http://localhost:50226/Scripts/angular.js:5996:13)
   at compileNodes (http://localhost:50226/Scripts/angular.js:5586:9)
   at compileNodes (http://localhost:50226/Scripts/angular.js:5595:9)
   at compileNodes (http://localhost:50226/Scripts/angular.js:5595:9)"
2014-02-14 08:13:50,,::1,Mozilla/5.0 (Windows NT 6.1; WOW64; Trident/7.0; rv:11.0) like Gecko,angular.$exceptionHandler,http://localhost:50226/tags,,"[$parse:lexerr] Lexer Error: Unterminated quote at columns 9-11 [')] in expression [_goto(''/')].
http://errors.angularjs.org/1.2.12/$parse/lexerr?p0=Unterminated%20quote&p1=s%209-11%20%5B')%5D&p2=_goto(''%2F')","Error: [$parse:lexerr] Lexer Error: Unterminated quote at columns 9-11 [')] in expression [_goto(''/')].
http://errors.angularjs.org/1.2.12/$parse/lexerr?p0=Unterminated%20quote&p1=s%209-11%20%5B')%5D&p2=_goto(''%2F')
   at throwError (http://localhost:50226/Scripts/angular.js:9672:5)
   at readString (http://localhost:50226/Scripts/angular.js:9827:5)
   at lex (http://localhost:50226/Scripts/angular.js:9583:9)
   at parse (http://localhost:50226/Scripts/angular.js:9852:5)
   at Anonymous function (http://localhost:50226/Scripts/angular.js:10695:11)
   at compile (http://localhost:50226/Scripts/angular.js:17999:11)
   at applyDirectivesToNode (http://localhost:50226/Scripts/angular.js:5996:13)
   at compileNodes (http://localhost:50226/Scripts/angular.js:5586:9)
   at compileNodes (http://localhost:50226/Scripts/angular.js:5595:9)
   at compileNodes (http://localhost:50226/Scripts/angular.js:5595:9)"
2014-02-14 08:14:22,,::1,Mozilla/5.0 (Windows NT 6.1; WOW64; Trident/7.0; rv:11.0) like Gecko,angular.$exceptionHandler,http://localhost:50226/tags,,"[$parse:lexerr] Lexer Error: Unterminated quote at columns 9-11 [')] in expression [_goto(''/')].
http://errors.angularjs.org/1.2.12/$parse/lexerr?p0=Unterminated%20quote&p1=s%209-11%20%5B')%5D&p2=_goto(''%2F')","Error: [$parse:lexerr] Lexer Error: Unterminated quote at columns 9-11 [')] in expression [_goto(''/')].
http://errors.angularjs.org/1.2.12/$parse/lexerr?p0=Unterminated%20quote&p1=s%209-11%20%5B')%5D&p2=_goto(''%2F')
   at throwError (http://localhost:50226/Scripts/angular.js:9672:5)
   at readString (http://localhost:50226/Scripts/angular.js:9827:5)
   at lex (http://localhost:50226/Scripts/angular.js:9583:9)
   at parse (http://localhost:50226/Scripts/angular.js:9852:5)
   at Anonymous function (http://localhost:50226/Scripts/angular.js:10695:11)
   at compile (http://localhost:50226/Scripts/angular.js:17999:11)
   at applyDirectivesToNode (http://localhost:50226/Scripts/angular.js:5996:13)
   at compileNodes (http://localhost:50226/Scripts/angular.js:5586:9)
   at compileNodes (http://localhost:50226/Scripts/angular.js:5595:9)
   at compileNodes (http://localhost:50226/Scripts/angular.js:5595:9)"
2014-02-14 08:14:33,,::1,Mozilla/5.0 (Windows NT 6.1; WOW64; Trident/7.0; rv:11.0) like Gecko,angular.$exceptionHandler,http://localhost:50226/tags,,"[$parse:lexerr] Lexer Error: Unterminated quote at columns 9-11 [')] in expression [_goto(''/')].
http://errors.angularjs.org/1.2.12/$parse/lexerr?p0=Unterminated%20quote&p1=s%209-11%20%5B')%5D&p2=_goto(''%2F')","Error: [$parse:lexerr] Lexer Error: Unterminated quote at columns 9-11 [')] in expression [_goto(''/')].
http://errors.angularjs.org/1.2.12/$parse/lexerr?p0=Unterminated%20quote&p1=s%209-11%20%5B')%5D&p2=_goto(''%2F')
   at throwError (http://localhost:50226/Scripts/angular.js:9672:5)
   at readString (http://localhost:50226/Scripts/angular.js:9827:5)
   at lex (http://localhost:50226/Scripts/angular.js:9583:9)
   at parse (http://localhost:50226/Scripts/angular.js:9852:5)
   at Anonymous function (http://localhost:50226/Scripts/angular.js:10695:11)
   at compile (http://localhost:50226/Scripts/angular.js:17999:11)
   at applyDirectivesToNode (http://localhost:50226/Scripts/angular.js:5996:13)
   at compileNodes (http://localhost:50226/Scripts/angular.js:5586:9)
   at compileNodes (http://localhost:50226/Scripts/angular.js:5595:9)
   at compileNodes (http://localhost:50226/Scripts/angular.js:5595:9)"
2014-02-14 08:14:35,,::1,Mozilla/5.0 (Windows NT 6.1; WOW64; Trident/7.0; rv:11.0) like Gecko,angular.$exceptionHandler,http://localhost:50226/tags,,"[$parse:lexerr] Lexer Error: Unterminated quote at columns 9-11 [')] in expression [_goto(''/')].
http://errors.angularjs.org/1.2.12/$parse/lexerr?p0=Unterminated%20quote&p1=s%209-11%20%5B')%5D&p2=_goto(''%2F')","Error: [$parse:lexerr] Lexer Error: Unterminated quote at columns 9-11 [')] in expression [_goto(''/')].
http://errors.angularjs.org/1.2.12/$parse/lexerr?p0=Unterminated%20quote&p1=s%209-11%20%5B')%5D&p2=_goto(''%2F')
   at throwError (http://localhost:50226/Scripts/angular.js:9672:5)
   at readString (http://localhost:50226/Scripts/angular.js:9827:5)
   at lex (http://localhost:50226/Scripts/angular.js:9583:9)
   at parse (http://localhost:50226/Scripts/angular.js:9852:5)
   at Anonymous function (http://localhost:50226/Scripts/angular.js:10695:11)
   at compile (http://localhost:50226/Scripts/angular.js:17999:11)
   at applyDirectivesToNode (http://localhost:50226/Scripts/angular.js:5996:13)
   at compileNodes (http://localhost:50226/Scripts/angular.js:5586:9)
   at compileNodes (http://localhost:50226/Scripts/angular.js:5595:9)
   at compileNodes (http://localhost:50226/Scripts/angular.js:5595:9)"
2014-02-14 08:14:42,,::1,Mozilla/5.0 (Windows NT 6.1; WOW64; Trident/7.0; rv:11.0) like Gecko,angular.$exceptionHandler,http://localhost:50226/tags,,"[$parse:lexerr] Lexer Error: Unterminated quote at columns 9-11 [')] in expression [_goto(''/')].
http://errors.angularjs.org/1.2.12/$parse/lexerr?p0=Unterminated%20quote&p1=s%209-11%20%5B')%5D&p2=_goto(''%2F')","Error: [$parse:lexerr] Lexer Error: Unterminated quote at columns 9-11 [')] in expression [_goto(''/')].
http://errors.angularjs.org/1.2.12/$parse/lexerr?p0=Unterminated%20quote&p1=s%209-11%20%5B')%5D&p2=_goto(''%2F')
   at throwError (http://localhost:50226/Scripts/angular.js:9672:5)
   at readString (http://localhost:50226/Scripts/angular.js:9827:5)
   at lex (http://localhost:50226/Scripts/angular.js:9583:9)
   at parse (http://localhost:50226/Scripts/angular.js:9852:5)
   at Anonymous function (http://localhost:50226/Scripts/angular.js:10695:11)
   at compile (http://localhost:50226/Scripts/angular.js:17999:11)
   at applyDirectivesToNode (http://localhost:50226/Scripts/angular.js:5996:13)
   at compileNodes (http://localhost:50226/Scripts/angular.js:5586:9)
   at compileNodes (http://localhost:50226/Scripts/angular.js:5595:9)
   at compileNodes (http://localhost:50226/Scripts/angular.js:5595:9)"
2014-02-14 08:15:05,,::1,Mozilla/5.0 (Windows NT 6.1; WOW64; Trident/7.0; rv:11.0) like Gecko,angular.$exceptionHandler,http://localhost:50226/tags,,"[$parse:lexerr] Lexer Error: Unterminated quote at columns 9-11 [')] in expression [_goto(''/')].
http://errors.angularjs.org/1.2.12/$parse/lexerr?p0=Unterminated%20quote&p1=s%209-11%20%5B')%5D&p2=_goto(''%2F')","Error: [$parse:lexerr] Lexer Error: Unterminated quote at columns 9-11 [')] in expression [_goto(''/')].
http://errors.angularjs.org/1.2.12/$parse/lexerr?p0=Unterminated%20quote&p1=s%209-11%20%5B')%5D&p2=_goto(''%2F')
   at throwError (http://localhost:50226/Scripts/angular.js:9672:5)
   at readString (http://localhost:50226/Scripts/angular.js:9827:5)
   at lex (http://localhost:50226/Scripts/angular.js:9583:9)
   at parse (http://localhost:50226/Scripts/angular.js:9852:5)
   at Anonymous function (http://localhost:50226/Scripts/angular.js:10695:11)
   at compile (http://localhost:50226/Scripts/angular.js:17999:11)
   at applyDirectivesToNode (http://localhost:50226/Scripts/angular.js:5996:13)
   at compileNodes (http://localhost:50226/Scripts/angular.js:5586:9)
   at compileNodes (http://localhost:50226/Scripts/angular.js:5595:9)
   at compileNodes (http://localhost:50226/Scripts/angular.js:5595:9)"
2014-02-14 08:15:47,,::1,Mozilla/5.0 (Windows NT 6.1; WOW64; Trident/7.0; rv:11.0) like Gecko,angular.$exceptionHandler,http://localhost:50226/tags,,"[$parse:lexerr] Lexer Error: Unterminated quote at columns 9-11 [')] in expression [_goto(''/')].
http://errors.angularjs.org/1.2.12/$parse/lexerr?p0=Unterminated%20quote&p1=s%209-11%20%5B')%5D&p2=_goto(''%2F')","Error: [$parse:lexerr] Lexer Error: Unterminated quote at columns 9-11 [')] in expression [_goto(''/')].
http://errors.angularjs.org/1.2.12/$parse/lexerr?p0=Unterminated%20quote&p1=s%209-11%20%5B')%5D&p2=_goto(''%2F')
   at throwError (http://localhost:50226/Scripts/angular.js:9672:5)
   at readString (http://localhost:50226/Scripts/angular.js:9827:5)
   at lex (http://localhost:50226/Scripts/angular.js:9583:9)
   at parse (http://localhost:50226/Scripts/angular.js:9852:5)
   at Anonymous function (http://localhost:50226/Scripts/angular.js:10695:11)
   at compile (http://localhost:50226/Scripts/angular.js:17999:11)
   at applyDirectivesToNode (http://localhost:50226/Scripts/angular.js:5996:13)
   at compileNodes (http://localhost:50226/Scripts/angular.js:5586:9)
   at compileNodes (http://localhost:50226/Scripts/angular.js:5595:9)
   at compileNodes (http://localhost:50226/Scripts/angular.js:5595:9)"
2014-02-14 08:17:25,,::1,Mozilla/5.0 (Windows NT 6.1; WOW64; Trident/7.0; rv:11.0) like Gecko,angular.$exceptionHandler,http://localhost:50226/tags,,"[$parse:lexerr] Lexer Error: Unterminated quote at columns 9-11 [')] in expression [_goto(''/')].
http://errors.angularjs.org/1.2.12/$parse/lexerr?p0=Unterminated%20quote&p1=s%209-11%20%5B')%5D&p2=_goto(''%2F')","Error: [$parse:lexerr] Lexer Error: Unterminated quote at columns 9-11 [')] in expression [_goto(''/')].
http://errors.angularjs.org/1.2.12/$parse/lexerr?p0=Unterminated%20quote&p1=s%209-11%20%5B')%5D&p2=_goto(''%2F')
   at throwError (http://localhost:50226/Scripts/angular.js:9672:5)
   at readString (http://localhost:50226/Scripts/angular.js:9827:5)
   at lex (http://localhost:50226/Scripts/angular.js:9583:9)
   at parse (http://localhost:50226/Scripts/angular.js:9852:5)
   at Anonymous function (http://localhost:50226/Scripts/angular.js:10695:11)
   at compile (http://localhost:50226/Scripts/angular.js:17999:11)
   at applyDirectivesToNode (http://localhost:50226/Scripts/angular.js:5996:13)
   at compileNodes (http://localhost:50226/Scripts/angular.js:5586:9)
   at compileNodes (http://localhost:50226/Scripts/angular.js:5595:9)
   at compileNodes (http://localhost:50226/Scripts/angular.js:5595:9)"
2014-02-14 08:17:26,,::1,Mozilla/5.0 (Windows NT 6.1; WOW64; Trident/7.0; rv:11.0) like Gecko,angular.$exceptionHandler,http://localhost:50226/tags,,"[$parse:lexerr] Lexer Error: Unterminated quote at columns 9-11 [')] in expression [_goto(''/')].
http://errors.angularjs.org/1.2.12/$parse/lexerr?p0=Unterminated%20quote&p1=s%209-11%20%5B')%5D&p2=_goto(''%2F')","Error: [$parse:lexerr] Lexer Error: Unterminated quote at columns 9-11 [')] in expression [_goto(''/')].
http://errors.angularjs.org/1.2.12/$parse/lexerr?p0=Unterminated%20quote&p1=s%209-11%20%5B')%5D&p2=_goto(''%2F')
   at throwError (http://localhost:50226/Scripts/angular.js:9672:5)
   at readString (http://localhost:50226/Scripts/angular.js:9827:5)
   at lex (http://localhost:50226/Scripts/angular.js:9583:9)
   at parse (http://localhost:50226/Scripts/angular.js:9852:5)
   at Anonymous function (http://localhost:50226/Scripts/angular.js:10695:11)
   at compile (http://localhost:50226/Scripts/angular.js:17999:11)
   at applyDirectivesToNode (http://localhost:50226/Scripts/angular.js:5996:13)
   at compileNodes (http://localhost:50226/Scripts/angular.js:5586:9)
   at compileNodes (http://localhost:50226/Scripts/angular.js:5595:9)
   at compileNodes (http://localhost:50226/Scripts/angular.js:5595:9)"
2014-02-14 08:18:00,,::1,Mozilla/5.0 (Windows NT 6.1; WOW64; Trident/7.0; rv:11.0) like Gecko,angular.$exceptionHandler,http://localhost:50226/tags,,"[$parse:lexerr] Lexer Error: Unterminated quote at columns 9-11 [')] in expression [_goto(''/')].
http://errors.angularjs.org/1.2.12/$parse/lexerr?p0=Unterminated%20quote&p1=s%209-11%20%5B')%5D&p2=_goto(''%2F')","Error: [$parse:lexerr] Lexer Error: Unterminated quote at columns 9-11 [')] in expression [_goto(''/')].
http://errors.angularjs.org/1.2.12/$parse/lexerr?p0=Unterminated%20quote&p1=s%209-11%20%5B')%5D&p2=_goto(''%2F')
   at throwError (http://localhost:50226/Scripts/angular.js:9672:5)
   at readString (http://localhost:50226/Scripts/angular.js:9827:5)
   at lex (http://localhost:50226/Scripts/angular.js:9583:9)
   at parse (http://localhost:50226/Scripts/angular.js:9852:5)
   at Anonymous function (http://localhost:50226/Scripts/angular.js:10695:11)
   at compile (http://localhost:50226/Scripts/angular.js:17999:11)
   at applyDirectivesToNode (http://localhost:50226/Scripts/angular.js:5996:13)
   at compileNodes (http://localhost:50226/Scripts/angular.js:5586:9)
   at compileNodes (http://localhost:50226/Scripts/angular.js:5595:9)
   at compileNodes (http://localhost:50226/Scripts/angular.js:5595:9)"
2014-02-14 08:19:15,,::1,Mozilla/5.0 (Windows NT 6.1; WOW64; Trident/7.0; rv:11.0) like Gecko,angular.$exceptionHandler,http://localhost:50226/tags,,"[$parse:syntax] Syntax Error: Token 'Home' is unexpected, expecting [)] at column 8 of the expression [_goto(/Home/Index)] starting at [Home/Index)].
http://errors.angularjs.org/1.2.12/$parse/syntax?p0=Home&p1=is%20unexpected%2C%20expecting%20%5B)%5D&p2=8&p3=_goto(%2FHome%2FIndex)&p4=Home%2FIndex)","Error: [$parse:syntax] Syntax Error: Token 'Home' is unexpected, expecting [)] at column 8 of the expression [_goto(/Home/Index)] starting at [Home/Index)].
http://errors.angularjs.org/1.2.12/$parse/syntax?p0=Home&p1=is%20unexpected%2C%20expecting%20%5B)%5D&p2=8&p3=_goto(%2FHome%2FIndex)&p4=Home%2FIndex)
   at throwError (http://localhost:50226/Scripts/angular.js:9919:5)
   at consume (http://localhost:50226/Scripts/angular.js:9956:7)
   at functionCall (http://localhost:50226/Scripts/angular.js:10202:5)
   at primary (http://localhost:50226/Scripts/angular.js:9903:9)
   at unary (http://localhost:50226/Scripts/angular.js:10145:7)
   at multiplicative (http://localhost:50226/Scripts/angular.js:10128:5)
   at additive (http://localhost:50226/Scripts/angular.js:10119:5)
   at relational (http://localhost:50226/Scripts/angular.js:10110:5)
   at equality (http://localhost:50226/Scripts/angular.js:10101:5)
   at logicalAND (http://localhost:50226/Scripts/angular.js:10092:5)"
2014-02-14 08:19:43,,::1,Mozilla/5.0 (Windows NT 6.1; WOW64; Trident/7.0; rv:11.0) like Gecko,angular.$exceptionHandler,http://localhost:50226/tags,,"[$parse:syntax] Syntax Error: Token 'Home' is unexpected, expecting [)] at column 8 of the expression [_goto(/Home/Index)] starting at [Home/Index)].
http://errors.angularjs.org/1.2.12/$parse/syntax?p0=Home&p1=is%20unexpected%2C%20expecting%20%5B)%5D&p2=8&p3=_goto(%2FHome%2FIndex)&p4=Home%2FIndex)","Error: [$parse:syntax] Syntax Error: Token 'Home' is unexpected, expecting [)] at column 8 of the expression [_goto(/Home/Index)] starting at [Home/Index)].
http://errors.angularjs.org/1.2.12/$parse/syntax?p0=Home&p1=is%20unexpected%2C%20expecting%20%5B)%5D&p2=8&p3=_goto(%2FHome%2FIndex)&p4=Home%2FIndex)
   at throwError (http://localhost:50226/Scripts/angular.js:9919:5)
   at consume (http://localhost:50226/Scripts/angular.js:9956:7)
   at functionCall (http://localhost:50226/Scripts/angular.js:10202:5)
   at primary (http://localhost:50226/Scripts/angular.js:9903:9)
   at unary (http://localhost:50226/Scripts/angular.js:10145:7)
   at multiplicative (http://localhost:50226/Scripts/angular.js:10128:5)
   at additive (http://localhost:50226/Scripts/angular.js:10119:5)
   at relational (http://localhost:50226/Scripts/angular.js:10110:5)
   at equality (http://localhost:50226/Scripts/angular.js:10101:5)
   at logicalAND (http://localhost:50226/Scripts/angular.js:10092:5)"
2014-02-14 08:20:11,,::1,Mozilla/5.0 (Windows NT 6.1; WOW64; Trident/7.0; rv:11.0) like Gecko,angular.$exceptionHandler,http://localhost:50226/tags,,"[$parse:syntax] Syntax Error: Token 'Home' is unexpected, expecting [)] at column 8 of the expression [_goto(/Home/Index)] starting at [Home/Index)].
http://errors.angularjs.org/1.2.12/$parse/syntax?p0=Home&p1=is%20unexpected%2C%20expecting%20%5B)%5D&p2=8&p3=_goto(%2FHome%2FIndex)&p4=Home%2FIndex)","Error: [$parse:syntax] Syntax Error: Token 'Home' is unexpected, expecting [)] at column 8 of the expression [_goto(/Home/Index)] starting at [Home/Index)].
http://errors.angularjs.org/1.2.12/$parse/syntax?p0=Home&p1=is%20unexpected%2C%20expecting%20%5B)%5D&p2=8&p3=_goto(%2FHome%2FIndex)&p4=Home%2FIndex)
   at throwError (http://localhost:50226/Scripts/angular.js:9919:5)
   at consume (http://localhost:50226/Scripts/angular.js:9956:7)
   at functionCall (http://localhost:50226/Scripts/angular.js:10202:5)
   at primary (http://localhost:50226/Scripts/angular.js:9903:9)
   at unary (http://localhost:50226/Scripts/angular.js:10145:7)
   at multiplicative (http://localhost:50226/Scripts/angular.js:10128:5)
   at additive (http://localhost:50226/Scripts/angular.js:10119:5)
   at relational (http://localhost:50226/Scripts/angular.js:10110:5)
   at equality (http://localhost:50226/Scripts/angular.js:10101:5)
   at logicalAND (http://localhost:50226/Scripts/angular.js:10092:5)"
2014-02-14 08:20:12,,::1,Mozilla/5.0 (Windows NT 6.1; WOW64; Trident/7.0; rv:11.0) like Gecko,angular.$exceptionHandler,http://localhost:50226/tags,,"[$parse:syntax] Syntax Error: Token 'Home' is unexpected, expecting [)] at column 8 of the expression [_goto(/Home/Index)] starting at [Home/Index)].
http://errors.angularjs.org/1.2.12/$parse/syntax?p0=Home&p1=is%20unexpected%2C%20expecting%20%5B)%5D&p2=8&p3=_goto(%2FHome%2FIndex)&p4=Home%2FIndex)","Error: [$parse:syntax] Syntax Error: Token 'Home' is unexpected, expecting [)] at column 8 of the expression [_goto(/Home/Index)] starting at [Home/Index)].
http://errors.angularjs.org/1.2.12/$parse/syntax?p0=Home&p1=is%20unexpected%2C%20expecting%20%5B)%5D&p2=8&p3=_goto(%2FHome%2FIndex)&p4=Home%2FIndex)
   at throwError (http://localhost:50226/Scripts/angular.js:9919:5)
   at consume (http://localhost:50226/Scripts/angular.js:9956:7)
   at functionCall (http://localhost:50226/Scripts/angular.js:10202:5)
   at primary (http://localhost:50226/Scripts/angular.js:9903:9)
   at unary (http://localhost:50226/Scripts/angular.js:10145:7)
   at multiplicative (http://localhost:50226/Scripts/angular.js:10128:5)
   at additive (http://localhost:50226/Scripts/angular.js:10119:5)
   at relational (http://localhost:50226/Scripts/angular.js:10110:5)
   at equality (http://localhost:50226/Scripts/angular.js:10101:5)
   at logicalAND (http://localhost:50226/Scripts/angular.js:10092:5)"
2014-02-14 08:20:55,,::1,Mozilla/5.0 (Windows NT 6.1; WOW64; Trident/7.0; rv:11.0) like Gecko,angular.$exceptionHandler,http://localhost:50226/tags,,"[$parse:syntax] Syntax Error: Token 'Home' is unexpected, expecting [)] at column 8 of the expression [_goto(/Home/Index)] starting at [Home/Index)].
http://errors.angularjs.org/1.2.12/$parse/syntax?p0=Home&p1=is%20unexpected%2C%20expecting%20%5B)%5D&p2=8&p3=_goto(%2FHome%2FIndex)&p4=Home%2FIndex)","Error: [$parse:syntax] Syntax Error: Token 'Home' is unexpected, expecting [)] at column 8 of the expression [_goto(/Home/Index)] starting at [Home/Index)].
http://errors.angularjs.org/1.2.12/$parse/syntax?p0=Home&p1=is%20unexpected%2C%20expecting%20%5B)%5D&p2=8&p3=_goto(%2FHome%2FIndex)&p4=Home%2FIndex)
   at throwError (http://localhost:50226/Scripts/angular.js:9919:5)
   at consume (http://localhost:50226/Scripts/angular.js:9956:7)
   at functionCall (http://localhost:50226/Scripts/angular.js:10202:5)
   at primary (http://localhost:50226/Scripts/angular.js:9903:9)
   at unary (http://localhost:50226/Scripts/angular.js:10145:7)
   at multiplicative (http://localhost:50226/Scripts/angular.js:10128:5)
   at additive (http://localhost:50226/Scripts/angular.js:10119:5)
   at relational (http://localhost:50226/Scripts/angular.js:10110:5)
   at equality (http://localhost:50226/Scripts/angular.js:10101:5)
   at logicalAND (http://localhost:50226/Scripts/angular.js:10092:5)"
2014-02-14 08:21:53,,::1,Mozilla/5.0 (Windows NT 6.1; WOW64; Trident/7.0; rv:11.0) like Gecko,angular.$exceptionHandler,http://localhost:50226/tags,,"[$parse:syntax] Syntax Error: Token 'Home' is unexpected, expecting [)] at column 8 of the expression [_goto(/Home/Index)] starting at [Home/Index)].
http://errors.angularjs.org/1.2.12/$parse/syntax?p0=Home&p1=is%20unexpected%2C%20expecting%20%5B)%5D&p2=8&p3=_goto(%2FHome%2FIndex)&p4=Home%2FIndex)","Error: [$parse:syntax] Syntax Error: Token 'Home' is unexpected, expecting [)] at column 8 of the expression [_goto(/Home/Index)] starting at [Home/Index)].
http://errors.angularjs.org/1.2.12/$parse/syntax?p0=Home&p1=is%20unexpected%2C%20expecting%20%5B)%5D&p2=8&p3=_goto(%2FHome%2FIndex)&p4=Home%2FIndex)
   at throwError (http://localhost:50226/Scripts/angular.js:9919:5)
   at consume (http://localhost:50226/Scripts/angular.js:9956:7)
   at functionCall (http://localhost:50226/Scripts/angular.js:10202:5)
   at primary (http://localhost:50226/Scripts/angular.js:9903:9)
   at unary (http://localhost:50226/Scripts/angular.js:10145:7)
   at multiplicative (http://localhost:50226/Scripts/angular.js:10128:5)
   at additive (http://localhost:50226/Scripts/angular.js:10119:5)
   at relational (http://localhost:50226/Scripts/angular.js:10110:5)
   at equality (http://localhost:50226/Scripts/angular.js:10101:5)
   at logicalAND (http://localhost:50226/Scripts/angular.js:10092:5)"
2014-02-14 08:22:26,,::1,Mozilla/5.0 (Windows NT 6.1; WOW64; Trident/7.0; rv:11.0) like Gecko,angular.$exceptionHandler,http://localhost:50226/tags,,"[$parse:syntax] Syntax Error: Token 'Home' is unexpected, expecting [)] at column 8 of the expression [_goto(/Home/Index)] starting at [Home/Index)].
http://errors.angularjs.org/1.2.12/$parse/syntax?p0=Home&p1=is%20unexpected%2C%20expecting%20%5B)%5D&p2=8&p3=_goto(%2FHome%2FIndex)&p4=Home%2FIndex)","Error: [$parse:syntax] Syntax Error: Token 'Home' is unexpected, expecting [)] at column 8 of the expression [_goto(/Home/Index)] starting at [Home/Index)].
http://errors.angularjs.org/1.2.12/$parse/syntax?p0=Home&p1=is%20unexpected%2C%20expecting%20%5B)%5D&p2=8&p3=_goto(%2FHome%2FIndex)&p4=Home%2FIndex)
   at throwError (http://localhost:50226/Scripts/angular.js:9919:5)
   at consume (http://localhost:50226/Scripts/angular.js:9956:7)
   at functionCall (http://localhost:50226/Scripts/angular.js:10202:5)
   at primary (http://localhost:50226/Scripts/angular.js:9903:9)
   at unary (http://localhost:50226/Scripts/angular.js:10145:7)
   at multiplicative (http://localhost:50226/Scripts/angular.js:10128:5)
   at additive (http://localhost:50226/Scripts/angular.js:10119:5)
   at relational (http://localhost:50226/Scripts/angular.js:10110:5)
   at equality (http://localhost:50226/Scripts/angular.js:10101:5)
   at logicalAND (http://localhost:50226/Scripts/angular.js:10092:5)"
2014-02-14 08:23:12,,::1,Mozilla/5.0 (Windows NT 6.1; WOW64; Trident/7.0; rv:11.0) like Gecko,angular.$exceptionHandler,http://localhost:50226/tags,,"[$parse:syntax] Syntax Error: Token 'Home' is unexpected, expecting [)] at column 8 of the expression [_goto(/Home/Index)] starting at [Home/Index)].
http://errors.angularjs.org/1.2.12/$parse/syntax?p0=Home&p1=is%20unexpected%2C%20expecting%20%5B)%5D&p2=8&p3=_goto(%2FHome%2FIndex)&p4=Home%2FIndex)","Error: [$parse:syntax] Syntax Error: Token 'Home' is unexpected, expecting [)] at column 8 of the expression [_goto(/Home/Index)] starting at [Home/Index)].
http://errors.angularjs.org/1.2.12/$parse/syntax?p0=Home&p1=is%20unexpected%2C%20expecting%20%5B)%5D&p2=8&p3=_goto(%2FHome%2FIndex)&p4=Home%2FIndex)
   at throwError (http://localhost:50226/Scripts/angular.js:9919:5)
   at consume (http://localhost:50226/Scripts/angular.js:9956:7)
   at functionCall (http://localhost:50226/Scripts/angular.js:10202:5)
   at primary (http://localhost:50226/Scripts/angular.js:9903:9)
   at unary (http://localhost:50226/Scripts/angular.js:10145:7)
   at multiplicative (http://localhost:50226/Scripts/angular.js:10128:5)
   at additive (http://localhost:50226/Scripts/angular.js:10119:5)
   at relational (http://localhost:50226/Scripts/angular.js:10110:5)
   at equality (http://localhost:50226/Scripts/angular.js:10101:5)
   at logicalAND (http://localhost:50226/Scripts/angular.js:10092:5)"
2014-02-18 03:46:29,mkbld,::1,Mozilla/5.0 (Windows NT 6.1; WOW64; Trident/7.0; rv:11.0) like Gecko,angular.$exceptionHandler,http://localhost:50226/List/Edit/124,,オブジェクトは 'sortable' プロパティまたはメソッドをサポートしていません。,"TypeError: オブジェクトは 'sortable' プロパティまたはメソッドをサポートしていません。
   at $render (http://localhost:50226/Scripts/ui-sortable/sortable.js:47:17)
   at ngModelWatch (http://localhost:50226/Scripts/angular.js:16844:9)
   at $digest (http://localhost:50226/Scripts/angular.js:11822:21)
   at $apply (http://localhost:50226/Scripts/angular.js:12083:13)
   at Anonymous function (http://localhost:50226/Scripts/angular.js:1302:9)
   at invoke (http://localhost:50226/Scripts/angular.js:3710:7)
   at doBootstrap (http://localhost:50226/Scripts/angular.js:1300:5)
   at bootstrap (http://localhost:50226/Scripts/angular.js:1314:5)
   at angularInit (http://localhost:50226/Scripts/angular.js:1263:5)
   at Anonymous function (http://localhost:50226/Scripts/angular.js:20793:5)"
2014-02-18 03:46:29,mkbld,::1,Mozilla/5.0 (Windows NT 6.1; WOW64; Trident/7.0; rv:11.0) like Gecko,angular.$exceptionHandler,http://localhost:50226/List/Edit/124,,オブジェクトは 'sortable' プロパティまたはメソッドをサポートしていません。,"TypeError: オブジェクトは 'sortable' プロパティまたはメソッドをサポートしていません。
   at link (http://localhost:50226/Scripts/ui-sortable/sortable.js:123:13)
   at nodeLinkFn (http://localhost:50226/Scripts/angular.js:6230:13)
   at compositeLinkFn (http://localhost:50226/Scripts/angular.js:5640:15)
   at compositeLinkFn (http://localhost:50226/Scripts/angular.js:5643:13)
   at compositeLinkFn (http://localhost:50226/Scripts/angular.js:5643:13)
   at compositeLinkFn (http://localhost:50226/Scripts/angular.js:5643:13)
   at nodeLinkFn (http://localhost:50226/Scripts/angular.js:6224:24)
   at compositeLinkFn (http://localhost:50226/Scripts/angular.js:5640:15)
   at nodeLinkFn (http://localhost:50226/Scripts/angular.js:6224:24)
   at compositeLinkFn (http://localhost:50226/Scripts/angular.js:5640:15)"
2014-02-18 03:46:29,mkbld,::1,Mozilla/5.0 (Windows NT 6.1; WOW64; Trident/7.0; rv:11.0) like Gecko,angular.$exceptionHandler,http://localhost:50226/List/Edit/124,,オブジェクトは 'sortable' プロパティまたはメソッドをサポートしていません。,"TypeError: オブジェクトは 'sortable' プロパティまたはメソッドをサポートしていません。
   at Anonymous function (http://localhost:50226/Scripts/ui-sortable/sortable.js:106:23)
   at forEach (http://localhost:50226/Scripts/angular.js:310:11)
   at Anonymous function (http://localhost:50226/Scripts/ui-sortable/sortable.js:94:19)
   at $digest (http://localhost:50226/Scripts/angular.js:11830:23)
   at $apply (http://localhost:50226/Scripts/angular.js:12083:13)
   at Anonymous function (http://localhost:50226/Scripts/angular.js:1302:9)
   at invoke (http://localhost:50226/Scripts/angular.js:3710:7)
   at doBootstrap (http://localhost:50226/Scripts/angular.js:1300:5)
   at bootstrap (http://localhost:50226/Scripts/angular.js:1314:5)
   at angularInit (http://localhost:50226/Scripts/angular.js:1263:5)"
2014-02-18 03:46:29,mkbld,::1,Mozilla/5.0 (Windows NT 6.1; WOW64; Trident/7.0; rv:11.0) like Gecko,window.onerror,http://localhost:50226/App/Scripts/mocha.angular.js,77,オブジェクトは 'selectpicker' プロパティまたはメソッドをサポートしていません。,
2014-02-18 03:47:37,mkbld,::1,Mozilla/5.0 (Windows NT 6.1; WOW64; Trident/7.0; rv:11.0) like Gecko,angular.$exceptionHandler,http://localhost:50226/List/Edit/124,,オブジェクトは 'sortable' プロパティまたはメソッドをサポートしていません。,"TypeError: オブジェクトは 'sortable' プロパティまたはメソッドをサポートしていません。
   at $render (http://localhost:50226/Scripts/ui-sortable/sortable.js:47:17)
   at ngModelWatch (http://localhost:50226/Scripts/angular.js:16844:9)
   at $digest (http://localhost:50226/Scripts/angular.js:11822:21)
   at $apply (http://localhost:50226/Scripts/angular.js:12083:13)
   at Anonymous function (http://localhost:50226/Scripts/angular.js:1302:9)
   at invoke (http://localhost:50226/Scripts/angular.js:3710:7)
   at doBootstrap (http://localhost:50226/Scripts/angular.js:1300:5)
   at bootstrap (http://localhost:50226/Scripts/angular.js:1314:5)
   at angularInit (http://localhost:50226/Scripts/angular.js:1263:5)
   at Anonymous function (http://localhost:50226/Scripts/angular.js:20793:5)"
2014-02-18 03:47:37,mkbld,::1,Mozilla/5.0 (Windows NT 6.1; WOW64; Trident/7.0; rv:11.0) like Gecko,angular.$exceptionHandler,http://localhost:50226/List/Edit/124,,オブジェクトは 'sortable' プロパティまたはメソッドをサポートしていません。,"TypeError: オブジェクトは 'sortable' プロパティまたはメソッドをサポートしていません。
   at Anonymous function (http://localhost:50226/Scripts/ui-sortable/sortable.js:106:23)
   at forEach (http://localhost:50226/Scripts/angular.js:310:11)
   at Anonymous function (http://localhost:50226/Scripts/ui-sortable/sortable.js:94:19)
   at $digest (http://localhost:50226/Scripts/angular.js:11830:23)
   at $apply (http://localhost:50226/Scripts/angular.js:12083:13)
   at Anonymous function (http://localhost:50226/Scripts/angular.js:1302:9)
   at invoke (http://localhost:50226/Scripts/angular.js:3710:7)
   at doBootstrap (http://localhost:50226/Scripts/angular.js:1300:5)
   at bootstrap (http://localhost:50226/Scripts/angular.js:1314:5)
   at angularInit (http://localhost:50226/Scripts/angular.js:1263:5)"
2014-02-18 03:47:37,mkbld,::1,Mozilla/5.0 (Windows NT 6.1; WOW64; Trident/7.0; rv:11.0) like Gecko,angular.$exceptionHandler,http://localhost:50226/List/Edit/124,,オブジェクトは 'sortable' プロパティまたはメソッドをサポートしていません。,"TypeError: オブジェクトは 'sortable' プロパティまたはメソッドをサポートしていません。
   at link (http://localhost:50226/Scripts/ui-sortable/sortable.js:123:13)
   at nodeLinkFn (http://localhost:50226/Scripts/angular.js:6230:13)
   at compositeLinkFn (http://localhost:50226/Scripts/angular.js:5640:15)
   at compositeLinkFn (http://localhost:50226/Scripts/angular.js:5643:13)
   at compositeLinkFn (http://localhost:50226/Scripts/angular.js:5643:13)
   at compositeLinkFn (http://localhost:50226/Scripts/angular.js:5643:13)
   at nodeLinkFn (http://localhost:50226/Scripts/angular.js:6224:24)
   at compositeLinkFn (http://localhost:50226/Scripts/angular.js:5640:15)
   at nodeLinkFn (http://localhost:50226/Scripts/angular.js:6224:24)
   at compositeLinkFn (http://localhost:50226/Scripts/angular.js:5640:15)"
2014-02-18 03:47:37,mkbld,::1,Mozilla/5.0 (Windows NT 6.1; WOW64; Trident/7.0; rv:11.0) like Gecko,window.onerror,http://localhost:50226/App/Scripts/mocha.angular.js,77,オブジェクトは 'selectpicker' プロパティまたはメソッドをサポートしていません。,
2014-02-18 03:47:58,mkbld,::1,Mozilla/5.0 (Windows NT 6.1; WOW64; Trident/7.0; rv:11.0) like Gecko,angular.$exceptionHandler,http://localhost:50226/List/Edit/124,,オブジェクトは 'sortable' プロパティまたはメソッドをサポートしていません。,"TypeError: オブジェクトは 'sortable' プロパティまたはメソッドをサポートしていません。
   at Anonymous function (http://localhost:50226/Scripts/ui-sortable/sortable.js:106:23)
   at forEach (http://localhost:50226/Scripts/angular.js:310:11)
   at Anonymous function (http://localhost:50226/Scripts/ui-sortable/sortable.js:94:19)
   at $digest (http://localhost:50226/Scripts/angular.js:11830:23)
   at $apply (http://localhost:50226/Scripts/angular.js:12083:13)
   at Anonymous function (http://localhost:50226/Scripts/angular.js:1302:9)
   at invoke (http://localhost:50226/Scripts/angular.js:3710:7)
   at doBootstrap (http://localhost:50226/Scripts/angular.js:1300:5)
   at bootstrap (http://localhost:50226/Scripts/angular.js:1314:5)
   at angularInit (http://localhost:50226/Scripts/angular.js:1263:5)"
2014-02-18 03:47:58,mkbld,::1,Mozilla/5.0 (Windows NT 6.1; WOW64; Trident/7.0; rv:11.0) like Gecko,angular.$exceptionHandler,http://localhost:50226/List/Edit/124,,オブジェクトは 'sortable' プロパティまたはメソッドをサポートしていません。,"TypeError: オブジェクトは 'sortable' プロパティまたはメソッドをサポートしていません。
   at link (http://localhost:50226/Scripts/ui-sortable/sortable.js:123:13)
   at nodeLinkFn (http://localhost:50226/Scripts/angular.js:6230:13)
   at compositeLinkFn (http://localhost:50226/Scripts/angular.js:5640:15)
   at compositeLinkFn (http://localhost:50226/Scripts/angular.js:5643:13)
   at compositeLinkFn (http://localhost:50226/Scripts/angular.js:5643:13)
   at compositeLinkFn (http://localhost:50226/Scripts/angular.js:5643:13)
   at nodeLinkFn (http://localhost:50226/Scripts/angular.js:6224:24)
   at compositeLinkFn (http://localhost:50226/Scripts/angular.js:5640:15)
   at nodeLinkFn (http://localhost:50226/Scripts/angular.js:6224:24)
   at compositeLinkFn (http://localhost:50226/Scripts/angular.js:5640:15)"
2014-02-18 03:47:58,mkbld,::1,Mozilla/5.0 (Windows NT 6.1; WOW64; Trident/7.0; rv:11.0) like Gecko,angular.$exceptionHandler,http://localhost:50226/List/Edit/124,,オブジェクトは 'sortable' プロパティまたはメソッドをサポートしていません。,"TypeError: オブジェクトは 'sortable' プロパティまたはメソッドをサポートしていません。
   at $render (http://localhost:50226/Scripts/ui-sortable/sortable.js:47:17)
   at ngModelWatch (http://localhost:50226/Scripts/angular.js:16844:9)
   at $digest (http://localhost:50226/Scripts/angular.js:11822:21)
   at $apply (http://localhost:50226/Scripts/angular.js:12083:13)
   at Anonymous function (http://localhost:50226/Scripts/angular.js:1302:9)
   at invoke (http://localhost:50226/Scripts/angular.js:3710:7)
   at doBootstrap (http://localhost:50226/Scripts/angular.js:1300:5)
   at bootstrap (http://localhost:50226/Scripts/angular.js:1314:5)
   at angularInit (http://localhost:50226/Scripts/angular.js:1263:5)
   at Anonymous function (http://localhost:50226/Scripts/angular.js:20793:5)"
2014-02-18 03:47:58,mkbld,::1,Mozilla/5.0 (Windows NT 6.1; WOW64; Trident/7.0; rv:11.0) like Gecko,window.onerror,http://localhost:50226/App/Scripts/mocha.angular.js,77,オブジェクトは 'selectpicker' プロパティまたはメソッドをサポートしていません。,
2014-02-18 03:48:23,mkbld,::1,Mozilla/5.0 (Windows NT 6.1; WOW64; Trident/7.0; rv:11.0) like Gecko,angular.$exceptionHandler,http://localhost:50226/List/Edit/124,,オブジェクトは 'sortable' プロパティまたはメソッドをサポートしていません。,"TypeError: オブジェクトは 'sortable' プロパティまたはメソッドをサポートしていません。
   at Anonymous function (http://localhost:50226/Scripts/ui-sortable/sortable.js:106:23)
   at forEach (http://localhost:50226/Scripts/angular.js:310:11)
   at Anonymous function (http://localhost:50226/Scripts/ui-sortable/sortable.js:94:19)
   at $digest (http://localhost:50226/Scripts/angular.js:11830:23)
   at $apply (http://localhost:50226/Scripts/angular.js:12083:13)
   at Anonymous function (http://localhost:50226/Scripts/angular.js:1302:9)
   at invoke (http://localhost:50226/Scripts/angular.js:3710:7)
   at doBootstrap (http://localhost:50226/Scripts/angular.js:1300:5)
   at bootstrap (http://localhost:50226/Scripts/angular.js:1314:5)
   at angularInit (http://localhost:50226/Scripts/angular.js:1263:5)"
2014-02-18 03:48:23,mkbld,::1,Mozilla/5.0 (Windows NT 6.1; WOW64; Trident/7.0; rv:11.0) like Gecko,angular.$exceptionHandler,http://localhost:50226/List/Edit/124,,オブジェクトは 'sortable' プロパティまたはメソッドをサポートしていません。,"TypeError: オブジェクトは 'sortable' プロパティまたはメソッドをサポートしていません。
   at $render (http://localhost:50226/Scripts/ui-sortable/sortable.js:47:17)
   at ngModelWatch (http://localhost:50226/Scripts/angular.js:16844:9)
   at $digest (http://localhost:50226/Scripts/angular.js:11822:21)
   at $apply (http://localhost:50226/Scripts/angular.js:12083:13)
   at Anonymous function (http://localhost:50226/Scripts/angular.js:1302:9)
   at invoke (http://localhost:50226/Scripts/angular.js:3710:7)
   at doBootstrap (http://localhost:50226/Scripts/angular.js:1300:5)
   at bootstrap (http://localhost:50226/Scripts/angular.js:1314:5)
   at angularInit (http://localhost:50226/Scripts/angular.js:1263:5)
   at Anonymous function (http://localhost:50226/Scripts/angular.js:20793:5)"
2014-02-18 03:48:23,mkbld,::1,Mozilla/5.0 (Windows NT 6.1; WOW64; Trident/7.0; rv:11.0) like Gecko,angular.$exceptionHandler,http://localhost:50226/List/Edit/124,,オブジェクトは 'sortable' プロパティまたはメソッドをサポートしていません。,"TypeError: オブジェクトは 'sortable' プロパティまたはメソッドをサポートしていません。
   at link (http://localhost:50226/Scripts/ui-sortable/sortable.js:123:13)
   at nodeLinkFn (http://localhost:50226/Scripts/angular.js:6230:13)
   at compositeLinkFn (http://localhost:50226/Scripts/angular.js:5640:15)
   at compositeLinkFn (http://localhost:50226/Scripts/angular.js:5643:13)
   at compositeLinkFn (http://localhost:50226/Scripts/angular.js:5643:13)
   at compositeLinkFn (http://localhost:50226/Scripts/angular.js:5643:13)
   at nodeLinkFn (http://localhost:50226/Scripts/angular.js:6224:24)
   at compositeLinkFn (http://localhost:50226/Scripts/angular.js:5640:15)
   at nodeLinkFn (http://localhost:50226/Scripts/angular.js:6224:24)
   at compositeLinkFn (http://localhost:50226/Scripts/angular.js:5640:15)"
2014-02-18 03:48:23,mkbld,::1,Mozilla/5.0 (Windows NT 6.1; WOW64; Trident/7.0; rv:11.0) like Gecko,window.onerror,http://localhost:50226/App/Scripts/mocha.angular.js,77,オブジェクトは 'selectpicker' プロパティまたはメソッドをサポートしていません。,
2014-02-18 03:48:29,mkbld,::1,Mozilla/5.0 (Windows NT 6.1; WOW64; Trident/7.0; rv:11.0) like Gecko,angular.$exceptionHandler,http://localhost:50226/List/Edit/124,,オブジェクトは 'sortable' プロパティまたはメソッドをサポートしていません。,"TypeError: オブジェクトは 'sortable' プロパティまたはメソッドをサポートしていません。
   at $render (http://localhost:50226/Scripts/ui-sortable/sortable.js:47:17)
   at ngModelWatch (http://localhost:50226/Scripts/angular.js:16844:9)
   at $digest (http://localhost:50226/Scripts/angular.js:11822:21)
   at $apply (http://localhost:50226/Scripts/angular.js:12083:13)
   at Anonymous function (http://localhost:50226/Scripts/angular.js:1302:9)
   at invoke (http://localhost:50226/Scripts/angular.js:3710:7)
   at doBootstrap (http://localhost:50226/Scripts/angular.js:1300:5)
   at bootstrap (http://localhost:50226/Scripts/angular.js:1314:5)
   at angularInit (http://localhost:50226/Scripts/angular.js:1263:5)
   at Anonymous function (http://localhost:50226/Scripts/angular.js:20793:5)"
2014-02-18 03:48:29,mkbld,::1,Mozilla/5.0 (Windows NT 6.1; WOW64; Trident/7.0; rv:11.0) like Gecko,angular.$exceptionHandler,http://localhost:50226/List/Edit/124,,オブジェクトは 'sortable' プロパティまたはメソッドをサポートしていません。,"TypeError: オブジェクトは 'sortable' プロパティまたはメソッドをサポートしていません。
   at Anonymous function (http://localhost:50226/Scripts/ui-sortable/sortable.js:106:23)
   at forEach (http://localhost:50226/Scripts/angular.js:310:11)
   at Anonymous function (http://localhost:50226/Scripts/ui-sortable/sortable.js:94:19)
   at $digest (http://localhost:50226/Scripts/angular.js:11830:23)
   at $apply (http://localhost:50226/Scripts/angular.js:12083:13)
   at Anonymous function (http://localhost:50226/Scripts/angular.js:1302:9)
   at invoke (http://localhost:50226/Scripts/angular.js:3710:7)
   at doBootstrap (http://localhost:50226/Scripts/angular.js:1300:5)
   at bootstrap (http://localhost:50226/Scripts/angular.js:1314:5)
   at angularInit (http://localhost:50226/Scripts/angular.js:1263:5)"
2014-02-18 03:48:29,mkbld,::1,Mozilla/5.0 (Windows NT 6.1; WOW64; Trident/7.0; rv:11.0) like Gecko,angular.$exceptionHandler,http://localhost:50226/List/Edit/124,,オブジェクトは 'sortable' プロパティまたはメソッドをサポートしていません。,"TypeError: オブジェクトは 'sortable' プロパティまたはメソッドをサポートしていません。
   at link (http://localhost:50226/Scripts/ui-sortable/sortable.js:123:13)
   at nodeLinkFn (http://localhost:50226/Scripts/angular.js:6230:13)
   at compositeLinkFn (http://localhost:50226/Scripts/angular.js:5640:15)
   at compositeLinkFn (http://localhost:50226/Scripts/angular.js:5643:13)
   at compositeLinkFn (http://localhost:50226/Scripts/angular.js:5643:13)
   at compositeLinkFn (http://localhost:50226/Scripts/angular.js:5643:13)
   at nodeLinkFn (http://localhost:50226/Scripts/angular.js:6224:24)
   at compositeLinkFn (http://localhost:50226/Scripts/angular.js:5640:15)
   at nodeLinkFn (http://localhost:50226/Scripts/angular.js:6224:24)
   at compositeLinkFn (http://localhost:50226/Scripts/angular.js:5640:15)"
2014-02-18 03:50:11,mkbld,::1,Mozilla/5.0 (Windows NT 6.1; WOW64; Trident/7.0; rv:11.0) like Gecko,window.onerror,http://localhost:50226/App/Scripts/mocha.angular.js,77,オブジェクトは 'selectpicker' プロパティまたはメソッドをサポートしていません。,
2014-02-18 03:59:07,mkbld,::1,Mozilla/5.0 (Windows NT 6.1; WOW64; Trident/7.0; rv:11.0) like Gecko,window.onerror,http://localhost:50226/App/Scripts/mocha.angular.js,145,'XRegExp' は定義されていません。,
2014-02-20 16:41:21,,::1,Mozilla/5.0 (Windows NT 6.1; WOW64; Trident/7.0; rv:11.0) like Gecko,window.onerror,http://localhost:50226/Home/Test,244,文字が正しくありません。,
2014-02-20 16:42:03,,::1,Mozilla/5.0 (Windows NT 6.1; WOW64; Trident/7.0; rv:11.0) like Gecko,window.onerror,http://localhost:50226/Home/Test,245,文字が正しくありません。,
2014-02-20 16:42:50,,::1,Mozilla/5.0 (Windows NT 6.1; WOW64; Trident/7.0; rv:11.0) like Gecko,window.onerror,http://localhost:50226/Home/Test,245,文字が正しくありません。,
2014-02-20 16:43:09,,::1,Mozilla/5.0 (Windows NT 6.1; WOW64; Trident/7.0; rv:11.0) like Gecko,window.onerror,http://localhost:50226/Home/Test,255,文字が正しくありません。,
2014-02-20 16:43:36,mkbld,::1,Mozilla/5.0 (Windows NT 6.1; WOW64; Trident/7.0; rv:11.0) like Gecko,window.onerror,http://localhost:50226/Home/Test,322,文字が正しくありません。,
